hotel_id,price
2,500.28666666666663
5,293.7233333333333
8,462.6933333333333
9,681.27
11,591.3266666666667
12,2592.22
14,928.6999999999999
15,414.67333333333335
17,1720.7
18,1035.26
19,1524.8366666666668
20,215.76666666666665
25,84.26666666666667
29,574.5533333333334
30,1228.3999999999999
31,293.7233333333333
36,451.18
37,183.30999999999997
40,219.65666666666667
45,163.78666666666666
46,152.32
47,302.21666666666664
48,173.51333333333332
49,123.83
51,140.74333333333334
53,541.0533333333334
57,124.76666666666667
62,559.2533333333333
63,343.00666666666666
64,736.16
65,708.2466666666666
66,540.14
67,728.3133333333334
68,222.6833333333333
69,248.45333333333335
70,290.53000000000003
71,120.74333333333334
73,712.7066666666666
74,557.96
75,686.2866666666667
76,426.70666666666665
81,244.07666666666668
88,293.7233333333333
95,68.55333333333333
96,439.7633333333333
102,434.46000000000004
106,214.89333333333332
107,183.21333333333334
108,161.73
110,231.79999999999998
112,155.75
113,293.27333333333337
116,465.6933333333333
118,350.3
119,340.3433333333333
120,101.66666666666667
121,95.93
122,268.3
125,152.68333333333334
127,103.68
133,271.4166666666667
134,182.36
135,161.13
136,591.3266666666667
139,207.16
140,714.0
142,598.5533333333334
143,357.99333333333334
144,348.60999999999996
145,384.18
149,186.12
150,177.34
151,151.16666666666666
152,236.64
153,187.58
155,258.95666666666665
156,191.34666666666666
158,307.74
160,182.87333333333333
162,124.76666666666667
164,242.57333333333335
165,117.0
167,153.18
168,147.26
169,139.85999999999999
171,401.85999999999996
175,542.8933333333333
176,89.8
179,141.34
180,179.20333333333335
181,152.83
182,140.23666666666665
183,209.75333333333333
184,197.58
185,392.03
188,341.8933333333334
189,122.14333333333333
194,183.4333333333333
196,173.63666666666666
197,135.79
198,124.99000000000001
200,223.0
201,1096.89
202,225.39333333333332
203,226.8033333333333
204,423.88000000000005
205,423.88000000000005
207,101.7
208,152.83
210,81.22333333333333
211,382.9533333333333
212,125.02
213,146.92
214,190.59666666666666
219,152.40666666666667
220,97.43666666666667
221,98.71333333333332
226,158.30666666666667
234,135.85999999999999
235,273.5133333333333
236,751.87
238,169.14666666666668
239,402.18333333333334
240,573.8966666666666
241,526.58
242,1051.5
244,248.45333333333335
245,473.4533333333333
250,223.0
255,141.34
261,242.15
264,263.3333333333333
267,95.41000000000001
268,152.68333333333334
269,93.27333333333333
272,341.66333333333336
274,143.29333333333332
275,231.79999999999998
276,304.5
279,266.59666666666664
280,123.83
281,186.70000000000002
282,194.34666666666666
285,288.83
286,156.48666666666665
287,248.70000000000002
288,118.00333333333333
289,224.22333333333333
290,106.09333333333332
292,188.60666666666668
293,124.76666666666667
294,184.36
295,92.16000000000001
296,279.75333333333333
297,247.50333333333333
299,84.32333333333334
300,109.70333333333333
302,136.53
303,153.10666666666665
304,157.70333333333335
305,226.09333333333333
307,116.22666666666667
310,131.58666666666667
314,116.32333333333334
317,139.34
322,169.85666666666665
325,84.32333333333334
328,182.87333333333333
331,79.26
332,99.82666666666667
334,113.26666666666667
339,122.83999999999999
340,150.47666666666666
341,158.72666666666666
343,265.58
344,306.71999999999997
346,122.79666666666667
347,200.66
348,162.18666666666667
349,268.15000000000003
350,157.81333333333333
351,161.13
352,156.75
353,174.42333333333332
358,220.03333333333333
360,126.44
364,188.41333333333333
365,178.20333333333335
366,468.8533333333333
367,331.2866666666667
369,272.45
371,268.15000000000003
372,220.39
375,154.5
377,94.98666666666666
380,131.88666666666668
381,119.24666666666667
383,246.64333333333332
384,146.64000000000001
386,257.8333333333333
387,408.19666666666666
390,236.9
391,522.5933333333334
392,125.58
393,225.36
394,407.55333333333334
395,75.88
396,292.6166666666667
400,134.54333333333332
401,242.59333333333333
402,162.64000000000001
404,293.6766666666667
406,248.87666666666667
407,151.82666666666668
408,196.29999999999998
409,98.04666666666667
411,271.43
412,138.51
414,149.45000000000002
415,172.79666666666665
416,161.52666666666667
418,119.24666666666667
419,297.92
420,293.6766666666667
422,226.34666666666666
423,281.96666666666664
424,202.96666666666667
425,197.05666666666664
426,162.24666666666667
427,138.54999999999998
429,119.24666666666667
431,184.27333333333334
432,193.32333333333335
433,198.79333333333332
434,105.0
435,117.0
436,215.25
438,60.32
440,115.71666666666665
441,115.71666666666665
443,262.16
444,144.03333333333333
445,215.28333333333333
446,132.83333333333334
448,409.06333333333333
451,245.89333333333332
452,173.76999999999998
453,213.20666666666668
454,369.5333333333333
455,214.9
457,406.1166666666666
458,295.3933333333333
463,115.59333333333332
464,116.53333333333335
466,211.02333333333334
468,246.01999999999998
469,76.08666666666666
470,150.47666666666666
471,295.0366666666667
473,236.62666666666667
474,198.03666666666666
475,267.26666666666665
476,294.50666666666666
477,206.79
478,146.14666666666668
479,137.56666666666666
481,126.88666666666667
482,174.19333333333336
485,164.25
487,296.51
489,131.78666666666666
492,264.07666666666665
493,148.66333333333333
496,277.9066666666667
497,170.35333333333332
498,232.1
499,233.15666666666667
500,260.72666666666663
501,234.74666666666667
502,139.69333333333333
503,208.32000000000002
504,149.06333333333333
506,164.10666666666665
508,92.71666666666665
509,91.09333333333332
511,141.82666666666668
513,144.78333333333333
514,407.13000000000005
515,159.66333333333333
518,299.77
519,164.24666666666667
520,133.73
528,134.52
529,158.11333333333332
530,348.22333333333336
531,146.29999999999998
532,116.52999999999999
535,135.51
537,110.92666666666666
539,94.10000000000001
540,248.94333333333336
541,348.60999999999996
548,180.48666666666668
550,202.16
563,172.01333333333332
568,239.27333333333334
570,241.42999999999998
574,113.33999999999999
577,140.31
581,183.61
590,246.64333333333332
615,239.27333333333334
616,222.44333333333336
618,216.35333333333332
622,128.87
625,103.23333333333333
626,198.03666666666666
627,145.07333333333335
628,26.893333333333334
629,113.81
632,266.76
634,111.44666666666666
643,117.39999999999999
645,315.71666666666664
649,84.7
650,122.05666666666667
651,101.5
653,84.28
654,90.60333333333334
655,92.71666666666665
657,99.35333333333334
658,177.34
659,242.15
661,234.80999999999997
663,123.2
664,66.59666666666666
668,121.02
669,154.83333333333334
670,128.87
671,113.95
672,104.96
674,79.40333333333334
675,137.95333333333335
676,97.43666666666667
679,176.44333333333336
682,87.46333333333332
683,141.62666666666667
684,188.46333333333334
686,119.98333333333333
687,89.08666666666666
688,160.23333333333332
689,113.81
692,124.85000000000001
693,149.22666666666666
695,324.94666666666666
696,112.05
698,156.89666666666668
699,213.03333333333333
702,203.21666666666667
703,153.42333333333332
704,116.27333333333333
705,95.69666666666666
706,152.68333333333334
707,298.3
708,255.49333333333334
709,67.77333333333333
710,211.98000000000002
711,93.23333333333333
712,77.64666666666666
714,117.3
716,123.83999999999999
718,144.62666666666667
721,167.05333333333334
722,68.23333333333333
724,255.05666666666664
725,92.72000000000001
726,128.73666666666665
727,226.37666666666667
728,302.17
730,101.99333333333334
731,187.73666666666668
733,125.86
734,95.93
735,103.5
736,56.153333333333336
739,105.79333333333334
740,141.06333333333333
741,94.73
743,240.84
744,260.5466666666667
746,149.91333333333333
748,231.25
751,93.71666666666665
752,243.49666666666667
753,229.19333333333336
754,162.04666666666665
755,108.21666666666665
756,152.56666666666666
758,133.65333333333334
762,92.28666666666668
763,86.98333333333333
768,74.86666666666666
770,144.34666666666666
771,65.70666666666666
775,141.62666666666667
777,94.16666666666667
778,87.38666666666667
782,93.72333333333334
783,89.28666666666668
786,106.15666666666668
788,132.56333333333333
789,126.16000000000001
791,100.60000000000001
793,104.32
796,50.29
798,56.153333333333336
800,190.12
803,94.20333333333333
807,102.53333333333335
808,231.12666666666667
810,88.25666666666666
811,153.04
812,111.80333333333334
813,92.71666666666665
815,76.08666666666666
826,288.83
828,106.10333333333334
829,255.05666666666664
831,200.29333333333332
833,152.68333333333334
837,101.5
845,129.54666666666665
848,150.47666666666666
851,108.54
852,108.84666666666668
857,125.27999999999999
858,50.45333333333334
859,179.85333333333332
860,153.70000000000002
866,103.54
867,132.56333333333333
868,71.03
869,243.67666666666665
870,65.99333333333333
871,100.48
875,50.29
876,147.93333333333334
877,138.24
878,107.01333333333334
880,77.05
883,249.22
884,106.09666666666668
885,187.4466666666667
887,170.01333333333335
888,124.55333333333334
889,149.04333333333332
890,182.30666666666664
891,126.43666666666667
892,154.66666666666666
893,312.88
894,123.85000000000001
896,106.03333333333335
897,140.12
899,174.77333333333334
903,102.60000000000001
906,174.45000000000002
910,135.82
913,109.31
914,95.05666666666667
915,164.01333333333335
916,96.47666666666667
917,312.88
918,162.93333333333334
919,307.52333333333337
920,132.84
921,135.21
924,89.32
941,89.08333333333333
942,128.63333333333333
944,131.67
945,71.3
946,130.29333333333332
948,145.66
953,101.27666666666666
954,122.94
955,127.42666666666666
956,211.16666666666666
957,151.40666666666667
958,109.63333333333333
959,134.94
960,110.32666666666667
961,145.02666666666667
962,207.20333333333335
963,223.25333333333333
966,191.67999999999998
967,200.92666666666665
970,174.72
971,262.68333333333334
973,165.51
974,132.87
975,182.46666666666667
976,123.18333333333334
978,573.8966666666666
979,160.90666666666667
980,194.10666666666668
981,133.20666666666668
985,120.20333333333333
986,153.39333333333335
987,93.15666666666668
988,115.73333333333333
990,596.9933333333333
991,91.09333333333332
992,228.20333333333335
993,196.46666666666667
994,157.1
995,160.23333333333332
996,202.01999999999998
997,139.87
998,124.71
999,168.0
1000,175.26666666666665
1001,235.72333333333333
1004,175.5666666666667
1005,125.17
1006,166.58
1007,465.6933333333333
1009,134.84666666666666
1010,146.46333333333334
1011,126.93
1014,127.14333333333333
1015,149.24333333333334
1016,134.94
1018,99.26333333333334
1019,274.81333333333333
1020,181.97
1021,173.84333333333333
1022,143.04
1025,158.03333333333333
1026,185.83333333333334
1027,289.0733333333333
1028,102.53666666666668
1029,134.89000000000001
1030,73.89666666666666
1031,156.08666666666667
1032,115.73333333333333
1033,133.16666666666666
1035,171.67
1038,117.41333333333334
1039,120.21333333333332
1040,130.41333333333333
1041,147.50333333333333
1044,168.39666666666668
1045,129.10666666666665
1046,148.69333333333333
1048,90.73
1049,124.85333333333334
1054,306.29333333333335
1055,156.20666666666668
1056,158.04666666666665
1057,216.98000000000002
1058,319.97666666666663
1059,185.90333333333334
1060,118.37
1061,148.46666666666667
1062,111.19666666666666
1063,75.33333333333333
1064,97.79
1066,134.59333333333333
1067,107.23333333333333
1068,76.61
1069,140.41
1071,90.86666666666667
1072,226.24
1073,130.87666666666667
1074,126.96333333333332
1077,160.43333333333334
1078,265.41333333333336
1081,168.66666666666666
1082,96.98333333333333
1083,136.19
1085,119.06666666666666
1087,171.39333333333332
1088,140.41333333333333
1089,161.96666666666667
1091,93.57666666666667
1094,176.73666666666668
1096,139.99333333333334
1097,104.30333333333334
1100,148.95000000000002
1101,166.21333333333334
1102,125.17
1107,151.71333333333334
1108,166.79
1109,107.06
1110,111.57666666666667
1112,136.91
1118,204.76666666666665
1119,197.50666666666666
1120,108.37666666666667
1128,107.84666666666668
1142,146.64000000000001
1143,116.53333333333335
1148,146.68
1158,123.09666666666668
1162,209.63
1163,123.71666666666665
1164,265.58
1165,75.88
1168,186.12
1174,103.50333333333333
1175,160.23333333333332
1176,522.5933333333334
1179,176.32666666666668
1182,125.82
1183,92.71666666666665
1184,117.82333333333334
1185,220.39
1186,182.71
1189,121.03666666666668
1193,319.97666666666663
1200,128.38333333333333
1201,126.24000000000001
1202,198.23666666666668
1203,148.67666666666665
1205,210.01999999999998
1208,92.82666666666667
1209,175.67333333333332
1210,71.31
1211,127.71666666666665
1212,298.44666666666666
1213,89.08333333333333
1214,145.07333333333335
1216,222.44333333333336
1218,252.60666666666668
1220,84.60666666666667
1222,161.96666666666667
1224,94.53666666666668
1225,101.94
1228,220.39
1230,105.35666666666667
1231,201.95333333333335
1232,124.97333333333334
1234,145.09
1237,154.5
1238,163.58
1239,127.43333333333334
1243,100.55666666666667
1244,99.23333333333333
1245,93.86
1247,246.01999999999998
1249,72.69666666666667
1251,118.56333333333333
1252,124.88333333333333
1253,183.13333333333333
1254,334.5833333333333
1258,97.89333333333333
1259,126.24000000000001
1260,112.20333333333333
1261,92.79333333333334
1262,112.09333333333332
1264,125.35000000000001
1267,157.53
1269,94.56666666666666
1275,82.80666666666666
1276,104.25333333333333
1278,99.16333333333334
1282,93.5
1286,88.72000000000001
1288,172.10666666666668
1290,98.71333333333332
1291,100.18
1294,198.03666666666666
1295,150.31666666666666
1296,94.08
1298,131.78333333333333
1299,149.22666666666666
1300,160.44
1302,115.0
1303,93.31
1305,141.05333333333334
1307,113.09333333333332
1309,121.55
1310,138.13
1312,80.80666666666666
1314,181.35666666666668
1315,131.44666666666666
1316,66.45333333333333
1317,117.35666666666667
1318,78.48333333333333
1319,118.68
1320,119.02666666666666
1321,134.84666666666666
1324,193.34
1325,94.16666666666667
1326,172.01333333333332
1328,112.57666666666667
1330,138.79999999999998
1331,128.70666666666668
1332,101.25
1333,74.85333333333334
1334,95.91000000000001
1338,75.01333333333334
1339,125.85000000000001
1342,119.14
1343,108.24000000000001
1349,123.64999999999999
1350,102.81
1351,111.7
1352,281.96666666666664
1353,78.34666666666666
1354,209.6
1355,152.81
1357,99.55666666666667
1358,152.28
1359,94.03666666666668
1360,91.33333333333333
1361,136.79333333333332
1362,123.43333333333334
1363,100.05333333333334
1365,118.76333333333334
1366,103.70333333333333
1367,121.69333333333333
1368,93.60666666666667
1370,68.40333333333334
1371,128.80666666666667
1372,166.20666666666668
1373,159.84666666666666
1374,137.61333333333332
1375,145.79999999999998
1378,108.8
1380,78.74666666666667
1381,140.64000000000001
1384,116.64999999999999
1385,93.83333333333333
1387,159.90333333333334
1388,115.86666666666667
1390,144.03333333333333
1391,197.64
1392,161.96666666666667
1393,175.67333333333332
1397,152.76666666666668
1398,170.44
1399,99.98
1400,140.48333333333332
1401,106.90666666666668
1402,50.13666666666666
1403,70.06
1405,112.72000000000001
1407,134.62
1408,75.89999999999999
1409,153.27666666666667
1410,123.27333333333333
1414,102.8
1415,89.32333333333334
1416,168.28333333333333
1417,87.32333333333334
1418,111.99666666666667
1420,132.54333333333332
1421,109.5
1422,147.0
1423,169.87666666666667
1424,83.25
1425,91.75999999999999
1426,1051.5
1428,133.40333333333334
1431,89.64
1434,144.29999999999998
1436,120.62666666666667
1437,199.25
1438,193.58333333333334
1441,134.33333333333334
1443,92.15666666666668
1446,112.90666666666668
1447,176.25666666666666
1448,97.74666666666667
1449,101.69666666666666
1450,116.10000000000001
1451,101.7
1452,97.0
1453,96.42666666666666
1454,134.92
1455,97.18
1457,149.81333333333333
1460,299.47666666666663
1461,104.51666666666667
1462,116.58
1464,113.58666666666666
1466,202.36
1467,104.07666666666667
1468,171.14
1469,81.65333333333334
1472,123.30333333333334
1473,174.35
1474,211.26666666666665
1475,79.05
1477,112.34333333333332
1479,241.42999999999998
1480,140.51333333333335
1481,134.25
1482,179.25333333333333
1483,114.62333333333333
1484,125.46
1485,137.84666666666666
1486,110.69333333333333
1487,113.81666666666666
1488,70.34333333333333
1489,101.86333333333333
1490,119.24666666666667
1491,149.91333333333333
1492,213.13333333333333
1495,184.27333333333334
1496,95.25
1497,184.89333333333332
1500,137.62666666666667
1501,77.05
1502,175.01333333333332
1503,193.73333333333335
1504,84.53666666666668
1505,107.25333333333333
1506,111.49333333333334
1507,140.96333333333334
1508,132.46
1509,115.42666666666666
1511,167.0
1512,58.080000000000005
1513,95.37666666666667
1516,92.58666666666666
1517,139.56666666666666
1519,105.82
1520,122.83999999999999
1521,60.26666666666667
1523,96.18666666666667
1524,127.68
1526,178.1
1527,107.72666666666667
1540,96.92666666666666
1541,84.07000000000001
1543,121.97333333333334
1544,92.96333333333332
1545,111.44
1546,124.21333333333332
1547,164.89333333333335
1548,67.02666666666667
1549,71.26333333333334
1550,150.45333333333335
1551,96.90666666666668
1552,88.92333333333333
1556,151.98666666666665
1557,99.93333333333334
1561,66.45333333333333
1562,262.91333333333336
1563,87.53666666666668
1566,112.48
1567,139.69333333333333
1568,99.03333333333335
1569,87.38666666666667
1573,71.59
1574,109.25
1575,26.66333333333333
1578,88.10666666666667
1582,90.48
1583,125.58
1584,132.67666666666665
1587,89.3
1589,124.51333333333334
1591,123.43333333333334
1592,121.03333333333335
1594,93.60666666666667
1595,92.5
1600,111.19
1601,90.86
1604,103.68
1605,167.62666666666667
1607,81.70333333333333
1608,179.20333333333335
1609,113.30333333333334
1610,73.07333333333334
1611,84.96
1612,105.72000000000001
1614,169.14666666666668
1618,94.09666666666668
1619,118.93666666666667
1620,111.99666666666667
1621,79.56666666666666
1622,74.24
1627,91.75999999999999
1629,80.28666666666668
1633,184.61666666666667
1634,127.95666666666666
1636,131.48
1638,105.94666666666666
1640,72.66666666666667
1642,114.98666666666666
1643,95.31
1645,103.79333333333334
1646,109.68
1647,133.95333333333335
1648,118.82666666666667
1650,118.87333333333333
1651,221.08666666666667
1652,96.48
1653,140.51333333333335
1654,82.42
1655,65.10666666666667
1661,129.48666666666665
1663,94.17
1664,131.37333333333333
1666,74.16
1667,133.1
1668,102.80666666666667
1669,180.17
1670,109.2
1672,111.31333333333333
1675,61.06666666666666
1676,76.08666666666666
1677,90.70333333333333
1678,94.36666666666667
1679,88.06
1681,104.86666666666667
1682,147.13
1683,92.89
1684,56.5
1685,139.26666666666668
1686,96.69
1687,92.07
1688,83.90666666666667
1689,104.07666666666667
1690,119.06
1691,77.05
1694,111.36666666666667
1698,97.18666666666667
1700,88.85333333333334
1704,119.81
1709,169.32666666666668
1710,153.22
1711,138.22333333333333
1713,154.5
1717,265.58
1719,186.12
1721,132.19666666666666
1722,101.94
1725,110.39999999999999
1726,160.90666666666667
1727,117.13
1730,96.68333333333334
1734,66.59666666666666
1735,108.36666666666667
1736,132.53333333333333
1740,103.79333333333334
1741,107.82
1742,128.14666666666668
1743,87.98333333333333
1744,211.34333333333333
1745,75.0
1746,64.50666666666667
1748,102.32666666666667
1752,113.85666666666667
1753,167.42
1754,68.79333333333334
1755,131.78333333333333
1758,94.78333333333335
1761,90.39999999999999
1762,143.28
1776,130.28333333333333
1779,111.66666666666667
1781,103.50999999999999
1783,120.33333333333333
1784,141.70000000000002
1785,270.44666666666666
1787,118.52999999999999
1789,69.23666666666666
1790,106.97333333333334
1792,88.5
1793,132.19666666666666
1794,133.83
1796,186.07333333333335
1797,43.23
1798,74.63
1800,167.62666666666667
1807,100.89999999999999
1813,107.39999999999999
1817,98.04666666666667
1818,89.64
1819,84.00333333333333
1820,235.64666666666668
1821,227.76999999999998
1822,213.52666666666667
1824,20.30333333333333
1825,115.59333333333332
1827,110.01333333333334
1828,105.94666666666666
1829,100.96333333333332
1830,96.78333333333335
1831,80.67999999999999
1832,132.78666666666666
1834,92.88
1835,89.8
1836,147.91
1837,97.37333333333333
1838,115.33666666666666
1839,155.58333333333334
1840,86.89333333333333
1843,126.19666666666666
1846,70.34333333333333
1847,101.86333333333333
1848,121.50333333333333
1850,211.11
1851,129.24333333333334
1852,132.53333333333333
1853,133.4
1854,135.10666666666665
1856,123.47666666666667
1860,125.58
1864,166.63333333333333
1865,127.65333333333332
1866,145.45333333333335
1867,145.00666666666666
1868,91.25
1869,123.81666666666666
1870,104.35666666666667
1871,100.05333333333334
1872,106.98
1873,81.79
1874,98.68666666666667
1875,186.65
1876,111.11666666666667
1877,123.53333333333335
1878,89.79666666666667
1880,157.92333333333332
1882,193.42333333333332
1883,189.32333333333335
1886,92.08333333333333
1896,125.86
1897,246.71666666666667
1899,158.57666666666668
1901,119.25999999999999
1902,108.54
1903,166.44333333333333
1904,113.21
1905,145.46666666666667
1906,128.16666666666666
1907,239.93666666666664
1908,126.29333333333334
1910,137.84
1911,181.38333333333333
1912,164.25
1913,125.83999999999999
1914,137.23333333333332
1916,165.71
1918,153.96666666666667
1919,136.78666666666666
1920,153.23
1921,108.02333333333333
1922,140.21666666666667
1923,82.84666666666666
1925,173.1
1926,115.80666666666667
1927,121.70666666666666
1928,116.53333333333335
1929,139.14000000000001
1930,87.43333333333334
1931,203.09666666666666
1933,106.90666666666668
1936,148.74333333333334
1937,122.49666666666667
1938,112.81
1939,95.84666666666668
1940,106.02
1942,84.88333333333334
1944,146.52333333333334
1945,251.88666666666666
1946,109.33999999999999
1948,96.37333333333333
1951,118.89333333333333
1955,89.27
1957,77.77
1958,88.99000000000001
1959,111.78666666666668
1961,90.73
1963,107.33
1966,108.48333333333333
1967,156.85999999999999
1968,113.24666666666667
1970,168.82
1972,124.14
1973,234.5666666666667
1974,109.49000000000001
1975,104.16000000000001
1976,155.05333333333334
1977,186.07000000000002
1980,192.85333333333332
1981,149.23333333333332
1982,101.00999999999999
1983,92.5
1987,174.61333333333334
1988,174.45000000000002
1991,79.85333333333334
1992,131.83333333333334
1994,81.52666666666667
1996,112.50333333333333
1997,134.65666666666667
1998,118.66666666666667
2002,88.14
2003,86.60333333333334
2004,99.26666666666667
2005,102.60000000000001
2007,78.85333333333334
2008,97.18666666666667
2009,142.91
2011,107.56
2012,134.29333333333332
2018,144.21333333333334
2019,132.24
2020,131.88666666666668
2021,99.64333333333333
2023,95.41000000000001
2024,522.5933333333334
2025,101.01666666666667
2026,127.82
2028,179.53333333333333
2029,110.89666666666666
2032,148.40666666666667
2033,149.01333333333335
2034,117.32666666666667
2035,106.06
2037,102.47000000000001
2038,107.06
2039,101.02
2040,96.26333333333334
2043,101.64333333333333
2044,140.07333333333335
2045,97.52666666666666
2046,65.81333333333333
2048,80.46
2049,82.98666666666666
2051,82.14
2053,114.76333333333334
2054,96.43
2055,97.08333333333333
2056,101.86
2058,89.54
2059,101.00999999999999
2060,75.20666666666666
2062,104.64
2063,111.36666666666667
2064,55.75666666666667
2065,92.84666666666668
2066,98.41000000000001
2067,106.06666666666666
2070,80.25666666666667
2072,101.82
2073,102.78333333333335
2074,82.43333333333334
2076,114.01333333333334
2077,79.94666666666667
2079,66.31666666666666
2080,123.06333333333333
2081,116.68
2082,82.08
2083,89.32
2089,131.08
2091,99.0
2092,79.89333333333333
2094,99.77333333333333
2095,164.79999999999998
2096,96.25333333333333
2097,77.90333333333334
2098,182.30666666666664
2099,105.33333333333333
2100,140.37
2101,109.91666666666667
2103,106.48666666666666
2104,76.7
2105,110.95666666666666
2108,113.19
2110,84.92333333333333
2111,59.123333333333335
2113,95.48333333333333
2114,155.26
2115,91.05666666666667
2116,125.58333333333333
2117,101.61666666666667
2119,117.11666666666667
2122,125.17
2126,91.35000000000001
2127,112.85000000000001
2128,122.93333333333334
2129,106.8
2130,98.34666666666668
2132,114.62
2134,86.23
2136,123.70333333333333
2139,82.33
2140,74.95666666666666
2141,89.17
2143,98.62333333333333
2144,102.87333333333333
2145,80.64
2146,97.69666666666666
2147,100.8
2149,122.38666666666667
2150,94.38333333333333
2155,105.04666666666667
2156,84.25
2158,95.06333333333333
2159,94.82666666666667
2162,140.21666666666667
2163,113.49333333333334
2164,72.85000000000001
2167,78.86
2168,144.21333333333334
2169,114.28666666666668
2172,144.9
2173,185.72666666666666
2174,101.02
2176,129.68333333333334
2177,142.59
2180,137.62666666666667
2185,87.97333333333334
2188,165.09
2190,101.8
2191,80.5
2192,113.60666666666667
2193,92.21333333333332
2194,83.52
2195,102.02999999999999
2197,121.92
2198,111.97333333333334
2200,95.63
2201,104.71333333333332
2202,153.66
2203,131.85999999999999
2204,138.55333333333334
2205,87.85000000000001
2207,94.89
2209,108.48333333333333
2210,118.81666666666666
2213,87.38666666666667
2214,123.50999999999999
2216,114.50666666666666
2219,91.09333333333332
2220,131.46666666666667
2221,87.89
2222,116.66000000000001
2223,124.3
2224,128.06666666666666
2225,128.44
2226,157.82666666666668
2228,98.48
2234,94.33666666666666
2235,123.75333333333333
2236,99.44
2238,145.02666666666667
2239,111.89
2240,103.78666666666668
2241,110.11
2244,85.91333333333334
2245,100.39333333333333
2246,126.88333333333333
2247,155.86333333333332
2248,90.46666666666665
2249,160.23333333333332
2251,127.31333333333333
2252,109.10333333333334
2253,149.38333333333333
2255,86.32666666666667
2260,110.21
2264,118.56
2265,102.10666666666667
2269,106.02999999999999
2271,98.25999999999999
2273,143.88333333333333
2274,91.18
2275,116.02666666666666
2278,109.7
2279,106.90666666666668
2283,86.46333333333332
2284,95.91000000000001
2287,82.86666666666666
2290,216.28333333333333
2291,106.98333333333333
2292,84.07333333333334
2293,70.00666666666667
2294,114.52333333333333
2296,106.25666666666666
2297,111.72000000000001
2298,162.97333333333333
2299,76.87
2300,82.64
2301,84.50666666666667
2303,92.78666666666668
2304,72.64
2306,89.79333333333334
2307,81.73666666666666
2308,110.13666666666667
2309,113.57333333333334
2310,107.36666666666667
2311,125.02333333333333
2312,87.77666666666666
2313,50.78666666666667
2314,128.25666666666666
2315,131.83333333333334
2316,213.9466666666667
2317,134.84666666666666
2319,117.82333333333334
2320,89.32
2322,68.91
2323,75.76666666666667
2324,100.49000000000001
2325,90.06333333333333
2329,140.44666666666666
2330,63.39333333333334
2331,112.71333333333332
2334,118.26666666666667
2335,101.66000000000001
2336,98.63333333333333
2337,160.25333333333333
2338,100.43333333333334
2340,142.86666666666667
2341,125.71333333333332
2342,80.78666666666668
2343,118.88
2344,126.78666666666668
2345,71.08
2346,73.76
2347,86.99666666666667
2348,101.39333333333333
2351,121.00999999999999
2354,109.77999999999999
2356,141.07666666666668
2357,108.37666666666667
2358,106.84666666666668
2360,109.27666666666666
2361,123.11
2363,134.25
2366,103.5
2367,133.20000000000002
2368,112.59333333333332
2369,93.98
2370,157.66666666666666
2371,121.0
2372,127.96666666666665
2373,92.87666666666667
2374,119.14
2376,149.69666666666666
2378,93.10000000000001
2379,100.7
2380,100.01333333333334
2381,82.84
2383,75.82000000000001
2384,137.4
2385,108.96
2386,99.95666666666666
2387,120.10666666666667
2388,124.95333333333333
2389,119.23
2390,137.03333333333333
2391,98.90666666666668
2393,111.42
2394,113.58
2395,123.25666666666666
2397,110.2
2398,99.56
2399,82.60333333333334
2400,136.85999999999999
2401,92.15666666666668
2402,106.26333333333334
2404,121.13333333333333
2406,118.82666666666667
2407,146.21333333333334
2408,119.08
2411,93.26666666666667
2412,111.70666666666666
2414,109.54
2415,98.50999999999999
2416,98.84666666666668
2417,97.29333333333334
2418,80.70666666666666
2419,84.32333333333334
2421,91.54333333333334
2423,143.51
2425,116.25
2428,94.14333333333333
2430,113.52999999999999
2432,91.25
2434,132.14000000000001
2435,90.29333333333334
2436,138.26
2437,90.86333333333333
2439,117.45666666666666
2440,169.57
2441,151.17666666666665
2443,123.54666666666667
2444,281.86
2445,108.16333333333334
2447,103.62
2448,75.36
2449,87.19333333333333
2451,126.3
2452,129.73
2453,129.73
2454,126.03666666666668
2455,95.83999999999999
2456,103.0
2457,65.73333333333333
2458,125.12333333333333
2459,93.77999999999999
2460,121.89999999999999
2462,106.86666666666667
2463,132.24666666666667
2464,77.34
2465,122.10000000000001
2467,102.66666666666667
2469,76.2
2470,159.44333333333333
2471,95.67333333333333
2472,102.72000000000001
2475,96.94
2478,80.46
2479,82.20333333333333
2480,82.98666666666666
2483,91.83
2485,131.51333333333335
2488,80.28666666666668
2489,104.38
2490,84.33333333333333
2491,69.44
2492,79.14666666666666
2493,62.16
2496,106.95666666666666
2497,81.44
2498,99.55
2499,117.70666666666666
2500,107.50999999999999
2502,97.09333333333332
2503,90.08666666666666
2505,98.16000000000001
2507,93.77333333333333
2509,101.82
2510,129.97666666666666
2511,76.16333333333334
2514,90.14999999999999
2515,110.70333333333333
2516,108.27333333333333
2517,98.43
2518,61.25666666666667
2519,65.08
2520,88.06666666666666
2521,114.50666666666666
2523,89.73333333333333
2526,84.96
2528,99.76333333333334
2531,85.02
2532,94.56666666666666
2534,114.50666666666666
2535,107.08
2538,105.46666666666665
2539,76.7
2541,107.91333333333334
2543,71.35666666666667
2545,102.39999999999999
2546,123.76666666666667
2548,125.58333333333333
2552,106.62333333333333
2557,108.36666666666667
2558,100.94666666666666
2561,78.21333333333332
2562,82.65333333333334
2563,45.333333333333336
2565,107.61333333333333
2567,128.31333333333333
2568,78.95
2569,75.74333333333333
2570,75.8
2574,92.99000000000001
2576,80.64
2579,144.43666666666667
2580,84.41666666666667
2581,104.96666666666665
2583,88.8
2584,93.08999999999999
2585,100.58999999999999
2589,80.26
2590,66.03
2592,90.86666666666667
2593,91.87
2595,84.77333333333333
2597,73.96666666666667
2604,89.68
2605,102.68333333333334
2607,116.53333333333335
2608,71.56666666666666
2609,185.72666666666666
2611,74.50333333333333
2613,174.9466666666667
2617,86.64333333333333
2619,83.06666666666666
2620,69.55333333333333
2623,96.25333333333333
2629,93.55666666666667
2630,104.86666666666667
2632,77.7
2634,101.39333333333333
2641,107.8
2642,83.8
2661,82.35333333333334
2665,113.73333333333333
2668,114.75
2670,74.36666666666666
2671,91.75
2674,88.69666666666666
2675,88.02666666666666
2676,132.46
2677,71.78
2679,85.83999999999999
2681,88.34333333333332
2682,71.3
2683,87.39999999999999
2684,102.86
2686,98.53333333333335
2690,84.35666666666667
2692,96.2
2695,114.50666666666666
2696,116.61
2699,79.89333333333333
2700,125.58
2702,98.07
2703,108.27666666666666
2704,116.02666666666666
2705,102.26333333333334
2708,82.54333333333334
2710,98.70333333333333
2711,137.66333333333333
2712,82.73666666666666
2716,73.47666666666667
2717,74.92999999999999
2718,87.0
2720,127.87666666666667
2721,82.86666666666666
2722,65.70666666666666
2730,68.94666666666667
2731,74.17
2736,87.32666666666667
2740,124.88666666666667
2743,101.7
2745,75.36
2746,84.50666666666667
2748,96.83
2749,86.08
2750,92.78666666666668
2752,77.17999999999999
2757,87.77666666666666
2758,74.37666666666667
2762,131.83333333333334
2763,109.25333333333333
2764,109.27666666666666
2766,75.88
2767,63.876666666666665
2768,75.76666666666667
2770,71.22333333333333
2771,75.60000000000001
2772,102.96
2773,87.32
2775,93.95333333333333
2776,106.0
2777,63.39333333333334
2780,188.07333333333335
2782,74.0
2787,97.47333333333334
2788,59.54333333333333
2791,123.07666666666667
2792,124.50666666666666
2796,105.56
2797,86.33
2799,153.95333333333335
2800,80.62666666666667
2801,121.36666666666667
2804,96.66666666666667
2806,92.62666666666667
2808,77.0
2809,121.03333333333335
2812,107.33333333333333
2815,90.77666666666666
2816,120.20333333333333
2817,93.12666666666667
2820,90.79
2821,105.91666666666667
2822,113.20333333333333
2824,96.26333333333334
2825,100.72333333333334
2826,104.23333333333333
2827,127.72000000000001
2828,81.91333333333334
2829,130.15333333333334
2830,81.62
2833,111.35666666666667
2835,83.55
2837,83.87
2838,77.59
2845,120.64999999999999
2848,91.84333333333332
2849,75.33333333333333
2851,77.49333333333333
2853,80.70666666666666
2855,62.04
2856,117.34333333333332
2857,69.44
2861,171.99666666666667
2862,97.46666666666665
2869,129.78
2871,87.06333333333333
2873,113.38666666666667
2874,105.36333333333333
2875,110.75999999999999
2877,120.82666666666667
2878,169.57
2879,142.24
2882,125.27999999999999
2883,79.75333333333333
2885,74.79
2886,122.95
2887,128.94666666666666
2888,93.95666666666666
2889,123.02666666666666
2890,128.04
2893,85.12
2897,85.21666666666667
2903,93.33333333333333
2906,180.58666666666667
2907,129.70666666666668
2908,134.09333333333333
2909,76.37
2910,65.14
2913,106.09666666666668
2916,84.36
2917,84.00333333333333
2922,103.16333333333334
2923,79.75333333333333
2924,104.60666666666667
2925,138.45333333333335
2937,82.63333333333334
2938,80.5
2941,118.02
2945,63.73333333333333
2948,77.7
2950,213.09
2953,93.31333333333333
2954,80.31333333333333
2955,122.69333333333333
2958,91.74000000000001
2959,101.92333333333333
2962,79.27666666666667
2964,84.49666666666667
2967,72.70333333333333
2968,85.5
2970,70.53333333333333
2971,101.98333333333333
2972,102.73333333333333
2978,149.79
2980,100.94666666666666
2986,74.91
2988,77.11333333333333
2989,102.15333333333332
2991,116.30666666666667
2993,96.17333333333333
2994,126.78666666666668
2995,154.52
2999,103.5
3000,107.06
3002,102.08
3004,116.27
3006,107.29
3012,94.98666666666666
3014,73.89666666666666
3015,114.76333333333334
3017,117.37
3018,97.08333333333333
3019,75.20666666666666
3020,69.44
3021,95.08
3022,88.23666666666666
3023,55.75666666666667
3025,94.25
3026,98.33333333333333
3027,93.01333333333334
3032,132.6
3033,65.08
3034,67.08
3036,113.49666666666667
3037,82.08
3039,123.73333333333333
3040,99.77333333333333
3041,111.19666666666666
3043,128.82
3044,104.41666666666667
3045,112.44333333333333
3046,59.123333333333335
3048,100.87
3049,118.63333333333333
3050,97.81
3052,97.30666666666667
3055,96.72000000000001
3061,78.54
3062,112.55333333333334
3063,83.82333333333334
3065,88.10666666666667
3067,63.093333333333334
3068,99.47333333333334
3069,94.41666666666667
3070,63.26666666666667
3071,110.21
3073,97.91666666666667
3076,76.63666666666667
3077,86.89666666666666
3080,179.14
3082,137.77333333333334
3083,136.57333333333335
3084,84.54666666666667
3085,120.75
3086,95.46333333333332
3087,79.62
3089,93.15333333333332
3090,71.3
3092,131.67
3093,116.77999999999999
3094,128.88
3097,101.91666666666667
3098,108.96333333333332
3100,117.22666666666667
3101,79.11666666666666
3102,105.75333333333333
3104,129.98666666666665
3105,94.16666666666667
3106,130.29666666666665
3108,134.84666666666666
3111,101.44
3113,99.96333333333332
3114,109.63333333333333
3115,89.82333333333334
3118,103.78666666666668
3119,95.17333333333333
3121,94.3
3122,139.62
3123,149.38333333333333
3124,99.13666666666667
3125,93.99000000000001
3126,73.08
3128,132.82333333333335
3130,98.72666666666667
3131,94.18666666666667
3134,81.97333333333333
3135,105.93333333333334
3139,77.23666666666666
3140,115.77
3141,141.12
3142,95.61
3143,98.99000000000001
3144,118.76333333333334
3147,75.52666666666667
3148,104.31
3149,71.79
3150,130.06
3152,81.47666666666667
3153,107.04
3154,91.07
3156,87.77666666666666
3157,90.27999999999999
3158,174.24666666666667
3159,73.54
3161,88.55666666666667
3162,100.49000000000001
3163,94.16333333333334
3164,68.64
3165,86.92
3167,279.65000000000003
3172,93.96
3173,123.18333333333334
3175,104.53333333333335
3176,92.46666666666665
3177,95.46
3180,87.02
3183,126.93333333333334
3186,122.91666666666667
3188,109.86666666666667
3189,105.80333333333334
3190,83.01333333333334
3191,82.71333333333332
3192,114.0
3193,72.2
3194,112.48
3195,147.17333333333332
3197,118.44
3198,99.16000000000001
3200,108.28333333333335
3202,72.09333333333333
3203,96.97666666666667
3204,165.72666666666666
3206,88.06
3210,84.69666666666667
3211,91.84333333333332
3213,68.82000000000001
3214,81.82666666666667
3218,80.55
3223,115.77333333333333
3227,145.66666666666666
3228,186.95666666666668
3233,115.59333333333332
3234,82.11333333333333
3235,124.77666666666666
3236,94.00999999999999
3238,128.51666666666668
3239,69.11333333333333
3240,115.44666666666666
3242,121.99666666666667
3243,83.48
3244,104.86666666666667
3245,103.26666666666667
3247,118.37
3248,93.55666666666667
3249,106.60000000000001
3250,90.44
3251,113.58999999999999
3252,93.92666666666666
3253,89.64666666666666
3254,51.54333333333333
3256,80.67999999999999
3258,81.44
3262,157.92333333333332
3264,81.41333333333334
3266,104.31
3267,98.25999999999999
3269,78.83333333333333
3270,97.89999999999999
3271,93.83999999999999
3272,60.629999999999995
3273,76.29333333333334
3276,74.09333333333333
3277,76.25333333333333
3278,86.27333333333333
3279,88.93333333333334
3282,98.26666666666667
3283,75.41333333333334
3284,88.89333333333333
3285,109.93666666666667
3286,195.06333333333336
3287,97.36666666666667
3289,77.29
3293,88.10666666666667
3294,72.26
3297,72.46666666666667
3298,160.90666666666667
3299,106.77333333333333
3300,87.25999999999999
3303,119.06666666666666
3306,96.15333333333332
3307,117.17666666666666
3309,100.23666666666666
3310,115.57
3313,67.04666666666667
3314,95.48333333333333
3316,62.56
3318,116.15333333333332
3319,137.23333333333332
3321,96.34333333333332
3322,91.40666666666668
3323,82.92666666666666
3325,195.86666666666667
3326,159.87
3327,137.97
3328,84.54666666666667
3330,131.88666666666668
3331,130.41
3333,107.27
3334,84.26
3335,58.88666666666666
3336,116.14333333333333
3337,75.07333333333334
3338,90.98333333333333
3339,107.72666666666667
3340,78.65666666666667
3341,140.70333333333335
3342,69.73333333333333
3347,81.41333333333334
3348,97.3
3349,64.39999999999999
3350,95.94
3351,100.94666666666666
3355,68.94333333333334
3356,108.27666666666666
3360,93.67
3361,95.83333333333333
3362,83.33333333333333
3363,81.87
3366,123.16666666666667
3367,106.57333333333334
3368,74.29
3369,102.73333333333333
3370,122.00333333333333
3371,86.08
3372,116.52666666666666
3374,76.26333333333334
3375,107.45666666666666
3376,92.73333333333333
3406,80.08
3408,78.83333333333333
3411,97.89999999999999
3415,70.11
3416,101.83999999999999
3418,76.23333333333333
3419,77.16
3420,100.73
3421,89.50666666666666
3424,86.56333333333333
3426,88.93333333333334
3427,76.10666666666667
3429,90.92333333333333
3430,126.44
3431,91.32333333333334
3432,86.39666666666666
3433,100.12666666666667
3436,72.52
3437,91.10666666666667
3438,64.67999999999999
3440,73.92
3442,90.66333333333334
3444,111.61666666666667
3445,98.62333333333333
3450,77.46333333333332
3451,63.26666666666667
3453,85.97666666666667
3454,73.74333333333333
3457,96.98333333333333
3458,67.04666666666667
3459,70.48333333333333
3460,52.13999999999999
3462,136.57333333333335
3463,137.23333333333332
3465,98.60000000000001
3467,177.85666666666668
3469,79.14666666666666
3472,89.87333333333333
3474,87.32
3475,104.71333333333332
3477,63.449999999999996
3478,192.42999999999998
3479,79.11666666666666
3481,57.25333333333333
3482,93.19
3485,153.74666666666667
3488,75.07333333333334
3490,83.13333333333334
3491,110.98666666666666
3493,111.70666666666666
3494,69.44
3495,68.2
3496,127.31333333333333
3497,90.83999999999999
3500,61.333333333333336
3502,87.3
3504,59.28
3506,89.50666666666666
3508,71.93666666666667
3510,65.50666666666667
3512,75.89999999999999
3514,64.39999999999999
3515,65.33
3516,96.33333333333333
3517,66.08333333333333
3518,82.13333333333334
3521,117.91333333333334
3525,90.85333333333334
3526,93.75999999999999
3528,90.67666666666666
3530,76.90666666666667
3531,99.66000000000001
3533,142.88
3534,89.78333333333335
3537,88.95666666666666
3538,73.96666666666667
3539,73.82000000000001
3542,77.89333333333333
3545,99.77666666666666
3547,125.02333333333333
3549,88.43666666666667
3552,95.85666666666667
3553,88.48333333333333
3554,92.58666666666666
3555,76.26333333333334
3561,101.37333333333333
3563,98.04
3565,87.05666666666667
3567,108.04
3568,97.5
3569,97.63666666666667
3573,72.96
3574,129.27666666666667
3576,96.46333333333332
3577,98.38333333333333
3580,97.55666666666667
3582,78.61333333333333
3584,129.70666666666668
3587,85.93
3589,61.47333333333333
3590,90.48
3591,115.54
3593,66.97333333333333
3594,67.37666666666667
3595,89.48
3597,75.82000000000001
3599,128.50666666666666
3600,82.11333333333333
3601,67.47666666666667
3603,139.24333333333334
3604,67.20333333333333
3605,73.07333333333334
3606,75.46
3609,77.29
3610,84.51666666666667
3611,72.2
3613,85.80333333333334
3615,82.03333333333333
3616,82.40666666666667
3618,110.20666666666666
3619,98.43333333333334
3620,104.68
3622,94.79333333333334
3623,90.85000000000001
3625,87.03333333333335
3627,75.52666666666667
3628,111.54
3629,82.51666666666667
3630,60.39666666666667
3631,110.93
3632,93.69
3633,93.26666666666667
3636,103.67333333333333
3641,77.83666666666666
3642,159.26666666666668
3643,204.76666666666665
3644,123.35333333333334
3646,59.28
3652,59.10333333333333
3653,87.77999999999999
3656,95.83999999999999
3661,108.52999999999999
3662,68.56333333333333
3663,120.64999999999999
3669,82.82000000000001
3671,60.629999999999995
3674,101.0
3675,86.49666666666667
3677,88.10666666666667
3679,111.61666666666667
3680,92.57333333333334
3681,114.50666666666666
3683,101.27999999999999
3685,86.27999999999999
3687,99.41000000000001
3689,93.55666666666667
3690,97.03666666666668
3692,105.84333333333332
3696,102.68
3697,90.44
3699,57.653333333333336
3700,71.03333333333333
3701,73.00666666666667
3708,75.99333333333333
3709,41.62
3711,97.60666666666667
3712,89.78333333333335
3713,82.11
3714,148.63666666666668
3716,105.30333333333334
3717,81.53
3719,82.35333333333334
3720,108.46
3721,77.0
3723,69.56
3724,83.66
3725,110.93
3726,92.82666666666667
3727,89.66666666666667
3729,94.11666666666667
3730,110.75999999999999
3733,73.33333333333333
3735,121.46333333333332
3739,95.84666666666668
3741,78.57000000000001
3743,60.56666666666666
3745,96.22333333333334
3751,88.85333333333334
3756,138.0
3758,69.22333333333333
3760,70.67999999999999
3761,90.85666666666667
3762,107.04666666666667
3763,58.27333333333333
3768,81.53
